Province,Commodity,Mean,Std,CV,Min,Max,Valid_Count,Valid_Pct,Confidence
Aceh,bawang_merah,35416.50398406375,8315.719706099993,0.23479787022010393,21860.0,61030.0,1004,100.0,High
Bali,bawang_merah,28714.437250996016,6932.20819524588,0.24141891184043396,14810.0,53400.0,1004,100.0,High
Banten,bawang_merah,34938.092629482075,8927.744672676681,0.25553039678940903,21460.0,66560.0,1004,100.0,High
Bengkulu,bawang_merah,35439.29282868526,8313.673337191814,0.2345891431124315,19520.0,61590.0,1004,100.0,High
DI Yogyakarta,bawang_merah,31570.089641434264,8897.329290889911,0.28182781208237634,16200.0,61470.0,1004,100.0,High
DKI Jakarta,bawang_merah,42206.33466135458,9136.387091932893,0.21646956944352835,26580.0,73230.0,1004,100.0,High
Gorontalo,bawang_merah,38895.278884462154,9603.516005914073,0.24690698412116222,21250.0,78300.0,1004,100.0,High
Jambi,bawang_merah,29563.725099601594,7038.446555765868,0.2380771209329341,17180.0,48820.0,1004,100.0,High
Jawa Barat,bawang_merah,33921.339641434264,8023.7961343444695,0.23654125158852973,22000.0,65349.99999999999,1004,100.0,High
Jawa Tengah,bawang_merah,32781.832669322706,8565.757473736783,0.26129586957939155,19340.0,64099.99999999999,1004,100.0,High
Jawa Timur,bawang_merah,30765.756972111554,8415.941142695845,0.2735489703804363,18290.0,63730.0,1004,100.0,High
Kalimantan Barat,bawang_merah,37416.92231075697,7527.477590314512,0.20117842744512532,24760.0,67680.0,1004,100.0,High
Kalimantan Selatan,bawang_merah,33965.21912350597,8618.518439389338,0.25374540962183295,19650.0,73700.0,1004,100.0,High
Kalimantan Tengah,bawang_merah,38040.43824701195,8194.4500742881,0.21541418689969397,24340.0,73070.0,1004,100.0,High
Kalimantan Timur,bawang_merah,38441.379482071716,8101.12486836319,0.21073970230806602,24020.0,74160.0,1004,100.0,High
Kalimantan Utara,bawang_merah,43248.13247011952,7859.980149063814,0.1817414926411987,31470.0,72220.0,1004,100.0,High
Kepulauan Bangka Belitung,bawang_merah,40593.376494023905,9712.492417205935,0.23926298465553347,25300.0,74870.0,1004,100.0,High
Kepulauan Riau,bawang_merah,36357.11155378486,2991.9407146387803,0.08229313569678536,27860.0,43460.0,1004,100.0,High
Lampung,bawang_merah,32607.49003984064,9067.264621790686,0.27807306268320797,18580.0,61900.0,1004,100.0,High
Maluku Utara,bawang_merah,52357.74402390438,7751.560616458544,0.14804993532417102,38160.0,80910.0,1004,100.0,High
Maluku,bawang_merah,44513.99900398406,7045.890564336635,0.1582848254928976,32780.0,70990.0,1004,100.0,High
Nusa Tenggara Barat,bawang_merah,29305.493027888446,7742.387629719438,0.26419578139673094,14890.0,53390.0,1004,100.0,High
Nusa Tenggara Timur,bawang_merah,30840.89641434263,6780.53222384895,0.2198552251125764,18560.0,44270.0,1004,100.0,High
Papua Barat,bawang_merah,54350.488047808765,6970.165815637046,0.12824476956868947,30000.0,80180.0,1004,100.0,High
Papua,bawang_merah,56893.187250996016,6713.835764163241,0.11800772796475212,45850.0,80580.0,1004,100.0,High
Riau,bawang_merah,34372.12151394422,6838.697048670207,0.19896057465920036,21720.0,51060.0,1004,100.0,High
Sulawesi Barat,bawang_merah,34550.099601593625,8368.926877958442,0.24222583941762138,21440.0,72100.0,1004,100.0,High
Sulawesi Selatan,bawang_merah,32774.88047808765,6954.46845312756,0.21218897984317955,21580.0,61080.0,1004,100.0,High
Sulawesi Tengah,bawang_merah,39003.575697211156,8422.835087289008,0.2159503311356979,23590.0,74190.0,1004,100.0,High
Sulawesi Tenggara,bawang_merah,38644.97011952191,7609.286025298435,0.19690236534701122,26420.0,68590.0,1004,100.0,High
Sulawesi Utara,bawang_merah,41876.28486055777,7885.849435900717,0.1883130144462314,28080.0,71360.0,1004,100.0,High
Sumatera Barat,bawang_merah,30266.409362549803,7991.7385222457515,0.264046469024976,15870.0,50350.0,1004,100.0,High
Sumatera Selatan,bawang_merah,34667.52988047809,8649.899099696237,0.2495101072824675,20190.0,63140.0,1004,100.0,High
Sumatera Utara,bawang_merah,33965.761952191235,7835.123791414711,0.2306771095682499,20660.0,55830.0,1004,100.0,High
Aceh,beras_medium,11967.948207171316,1052.0245448115982,0.08790350080068147,10570.0,13680.0,1004,100.0,High
Bali,beras_medium,12258.406374501992,1431.4282716629054,0.11677115506958044,10000.0,15430.0,1004,100.0,High
Banten,beras_medium,11444.57669322709,1363.025636029253,0.11909795115759002,9390.0,15080.0,1004,100.0,High
Bengkulu,beras_medium,11838.381474103586,1411.5943808156862,0.11923879830224626,9880.0,14290.0,1004,100.0,High
DI Yogyakarta,beras_medium,11537.480079681274,1542.205043964944,0.13366914034208655,9330.0,15040.0,1004,100.0,High
DKI Jakarta,beras_medium,11770.54780876494,1521.3297165263125,0.129248845613919,9900.0,15000.0,1004,100.0,High
Gorontalo,beras_medium,12075.46812749004,1586.710050270429,0.13139946489182086,10010.0,16390.0,1004,100.0,High
Jambi,beras_medium,11370.209163346613,1070.016247179607,0.09410699766447105,9990.0,13290.0,1004,100.0,High
Jawa Barat,beras_medium,11547.589641434262,1344.7351350610209,0.11645158659223005,9950.0,15180.0,1004,100.0,High
Jawa Tengah,beras_medium,11696.533864541832,1441.4930957514243,0.123241048369152,9320.0,15180.0,1004,100.0,High
Jawa Timur,beras_medium,11254.21812749004,1004.3798904483649,0.08924475064109724,9800.0,13240.0,1004,100.0,High
Kalimantan Barat,beras_medium,13287.72908366534,1037.6885149578918,0.07809374411715894,12040.0,15250.0,1004,100.0,High
Kalimantan Selatan,beras_medium,12404.830677290836,601.1985285862279,0.04846487180891752,11140.0,14220.0,1004,100.0,High
Kalimantan Tengah,beras_medium,12980.258964143426,885.3778560412924,0.06820956796679124,11760.0,16000.0,1004,100.0,High
Kalimantan Timur,beras_medium,13591.135458167331,1588.6138134607927,0.11688602606827421,11460.0,17000.0,1004,100.0,High
Kalimantan Utara,beras_medium,13900.024900398406,1115.1913327392401,0.08022944856071994,11990.0,16360.0,1004,100.0,High
Kepulauan Bangka Belitung,beras_medium,12174.53187250996,1706.0055614933374,0.1401290480289834,10080.0,15390.0,1004,100.0,High
Kepulauan Riau,beras_medium,13165.74203187251,619.5860037346703,0.04706046968220515,11690.0,14450.0,1004,100.0,High
Lampung,beras_medium,11529.885458167331,1300.689105691444,0.11281023652928707,9100.0,14650.0,1004,100.0,High
Maluku Utara,beras_medium,13948.685258964144,1208.5230327881602,0.08664064106052584,12410.0,16230.0,1004,100.0,High
Maluku,beras_medium,13450.806772908367,976.6222339452183,0.07260696331704501,11620.0,15200.0,1004,100.0,High
Nusa Tenggara Barat,beras_medium,11186.882470119523,1441.1171242474195,0.12882204922566085,9270.0,14650.0,1004,100.0,High
Nusa Tenggara Timur,beras_medium,12270.099601593625,1525.963562082753,0.124364398956025,10380.0,15750.0,1004,100.0,High
Papua Barat,beras_medium,14155.607569721116,1129.9279562851405,0.07982193280789017,12490.0,16940.0,1004,100.0,High
Papua,beras_medium,14136.01593625498,1168.1735163167252,0.08263810125741883,12390.0,16630.0,1004,100.0,High
Riau,beras_medium,12748.999003984063,795.035689790462,0.062360636277562914,10700.0,14110.0,1004,100.0,High
Sulawesi Barat,beras_medium,11490.049800796813,1484.178680691473,0.12917077875402663,9470.0,15080.0,1004,100.0,High
Sulawesi Selatan,beras_medium,11176.513944223108,1394.9168341402974,0.12480786416065798,9420.0,14150.0,1004,100.0,High
Sulawesi Tengah,beras_medium,11834.113545816734,1309.762153028602,0.1106768283030031,9940.0,15120.0,1004,100.0,High
Sulawesi Tenggara,beras_medium,11703.052788844621,1213.4434856734877,0.10368606444552185,9890.0,17000.0,1004,100.0,High
Sulawesi Utara,beras_medium,12397.27091633466,1304.6254054465512,0.10523488711758126,10600.0,15440.0,1004,100.0,High
Sumatera Barat,beras_medium,13627.818725099602,1079.4494852868108,0.07920926357045606,11940.0,15660.0,1004,100.0,High
Sumatera Selatan,beras_medium,11517.689243027888,1143.3782157101602,0.09927149375056218,9990.0,13850.0,1004,100.0,High
Sumatera Utara,beras_medium,12504.880478087649,1147.3531342126903,0.09175242708022693,10950.0,14330.0,1004,100.0,High
Aceh,beras_premium,13133.002988047809,1156.9432290428992,0.08809433989285007,11570.0,14870.0,1004,100.0,High
Bali,beras_premium,13523.306772908367,1623.8402913366358,0.12007716149645604,11000.0,16990.0,1004,100.0,High
Banten,beras_premium,12971.95219123506,1602.2660517875868,0.12351772718297654,11050.0,16740.0,1004,100.0,High
Bengkulu,beras_premium,13402.53486055777,1610.639967451243,0.12017427928437512,11080.0,16230.0,1004,100.0,High
DI Yogyakarta,beras_premium,12925.149402390438,1480.562984685383,0.11454900354278,10730.0,16490.0,1004,100.0,High
DKI Jakarta,beras_premium,13707.380478087649,1676.6675220545321,0.1223185950616035,11910.0,17790.0,1004,100.0,High
Gorontalo,beras_premium,13266.384462151394,1821.8208475353945,0.13732610062168754,10920.0,18010.0,1004,100.0,High
Jambi,beras_premium,13596.454183266933,1256.7097422332938,0.09242922642139435,11790.0,15870.0,1004,100.0,High
Jawa Barat,beras_premium,13100.617529880477,1466.1548635878346,0.11191494295927369,11470.0,16670.0,1004,100.0,High
Jawa Tengah,beras_premium,13147.211155378485,1470.369087209077,0.11183885843406062,10630.0,16420.0,1004,100.0,High
Jawa Timur,beras_premium,12973.416334661355,1371.8906469807093,0.10574629007437306,11110.0,15850.0,1004,100.0,High
Kalimantan Barat,beras_premium,15327.350597609562,1296.7506140401438,0.0846037027588045,13830.0,18000.0,1004,100.0,High
Kalimantan Selatan,beras_premium,16253.600597609562,1062.9433040958422,0.06539740519107937,14240.0,20000.0,1004,100.0,High
Kalimantan Tengah,beras_premium,15963.39641434263,995.681870983566,0.062372808714377094,14710.0,17840.0,1004,100.0,High
Kalimantan Timur,beras_premium,15176.065737051793,1636.6339956525435,0.10784310136827908,12930.0,18270.0,1004,100.0,High
Kalimantan Utara,beras_premium,15589.033864541832,1213.2955167014368,0.07783006485483031,13800.0,17730.0,1004,100.0,High
Kepulauan Bangka Belitung,beras_premium,14213.08764940239,1656.6762412593537,0.1165599116901957,12120.0,17520.0,1004,100.0,High
Kepulauan Riau,beras_premium,14850.722111553785,834.8478646849646,0.0562159778099583,13500.0,16750.0,1004,100.0,High
Lampung,beras_premium,12985.418326693227,1364.8571463733556,0.10510690622632565,10490.0,16210.0,1004,100.0,High
Maluku Utara,beras_premium,15654.930278884462,1587.2103961785162,0.10138725423257634,13490.0,18430.0,1004,100.0,High
Maluku,beras_premium,15798.002988047809,1301.4000810611678,0.08237750569143198,13990.0,18560.0,1004,100.0,High
Nusa Tenggara Barat,beras_premium,12762.11155378486,1924.0281424266261,0.1507609563133788,10060.0,17180.0,1004,100.0,High
Nusa Tenggara Timur,beras_premium,14090.50796812749,1603.9803416540778,0.11383410344625308,12140.0,17490.0,1004,100.0,High
Papua Barat,beras_premium,16422.290836653385,1220.7620150607572,0.07433567138733795,14650.0,18770.0,1004,100.0,High
Papua,beras_premium,16417.270916334663,1367.886410307935,0.08331996330443274,14640.0,19070.0,1004,100.0,High
Riau,beras_premium,14955.836653386454,931.179199551596,0.06226192630559046,13210.0,16560.0,1004,100.0,High
Sulawesi Barat,beras_premium,12854.33266932271,1402.8284088014946,0.10913272939865568,10830.0,16550.0,1004,100.0,High
Sulawesi Selatan,beras_premium,12677.569721115538,1570.226568267281,0.12385864190136846,10590.0,15900.0,1004,100.0,High
Sulawesi Tengah,beras_premium,13540.398406374503,1676.3069230372134,0.12380041360142308,11390.0,17390.0,1004,100.0,High
Sulawesi Tenggara,beras_premium,13237.141434262949,1461.1601034602375,0.11038335661188738,11200.0,20000.0,1004,100.0,High
Sulawesi Utara,beras_premium,13516.05577689243,1415.2254450323878,0.10470698467018107,11610.0,16880.0,1004,100.0,High
Sumatera Barat,beras_premium,15567.330677290836,1518.1296912988028,0.09752023148794582,13020.0,17650.0,1004,100.0,High
Sumatera Selatan,beras_premium,12950.418326693227,1189.6757032197374,0.09186388217032294,11300.0,15330.0,1004,100.0,High
Sumatera Utara,beras_premium,13764.442231075696,1150.3197642984594,0.08357184003441899,12250.0,15550.0,1004,100.0,High
Aceh,telur_ayam,25026.155378486055,1760.7900151779954,0.07035799101174259,19730.0,28960.0,1004,100.0,High
Bali,telur_ayam,26251.65338645418,2144.9322544834818,0.08170655855109926,20410.0,32000.0,1004,100.0,High
Banten,telur_ayam,27447.56972111554,2352.5129251626518,0.08570933416202794,19560.0,31840.0,1004,100.0,High
Bengkulu,telur_ayam,25858.575697211156,1843.3220749211628,0.07128474887810488,19520.0,28140.0,1004,100.0,High
DI Yogyakarta,telur_ayam,26888.36653386454,2353.755342958096,0.08753805628146508,19200.0,31700.0,1004,100.0,High
DKI Jakarta,telur_ayam,28241.703187250994,2105.386403042719,0.07454884675628,20180.0,33400.0,1004,100.0,High
Gorontalo,telur_ayam,30886.32470119522,2877.1674161846695,0.09315344068999348,24530.0,38860.0,1004,100.0,High
Jambi,telur_ayam,27390.358565737053,1559.621321863711,0.05694052226883445,22830.0,30050.0,1004,100.0,High
Jawa Barat,telur_ayam,27867.534860557767,2312.9379050910943,0.08299757824523991,20430.0,32250.0,1004,100.0,High
Jawa Tengah,telur_ayam,26942.241035856572,2292.069846103471,0.08507346671915776,19440.0,31220.0,1004,100.0,High
Jawa Timur,telur_ayam,26563.232071713148,2311.263298956157,0.08700986735034372,18910.0,30980.0,1004,100.0,High
Kalimantan Barat,telur_ayam,30575.54780876494,2072.5341739381793,0.06778404059678225,24350.0,35670.0,1004,100.0,High
Kalimantan Selatan,telur_ayam,29345.3187250996,2131.2778622964047,0.07262752475997075,22630.0,34000.0,1004,100.0,High
Kalimantan Tengah,telur_ayam,30687.330677290836,1996.7997014331806,0.06506918840324054,25320.0,34020.0,1004,100.0,High
Kalimantan Timur,telur_ayam,32204.462151394422,2185.3445672758876,0.06785844014417934,25720.0,38080.0,1004,100.0,High
Kalimantan Utara,telur_ayam,33524.995019920316,2632.030750092087,0.07850950458092994,25620.0,38720.0,1004,100.0,High
Kepulauan Bangka Belitung,telur_ayam,29326.84262948207,1511.3755652865868,0.05153557047996744,25240.0,32620.0,1004,100.0,High
Kepulauan Riau,telur_ayam,30374.447211155377,1986.071011784801,0.06538624383772794,23770.0,34210.0,1004,100.0,High
Lampung,telur_ayam,27732.77888446215,1979.9701153036176,0.07139458052697835,20530.0,31070.0,1004,100.0,High
Maluku Utara,telur_ayam,33616.20517928287,1762.3465992587721,0.052425506979737205,28540.0,39370.0,1004,100.0,High
Maluku,telur_ayam,36017.01693227092,2125.392370383281,0.05901078299682695,30380.0,41990.0,1004,100.0,High
Nusa Tenggara Barat,telur_ayam,29805.483067729085,2662.978025122554,0.0893452395678769,22580.0,35180.0,1004,100.0,High
Nusa Tenggara Timur,telur_ayam,31575.97609561753,1861.6648603902681,0.05895826798046794,25520.0,37520.0,1004,100.0,High
Papua Barat,telur_ayam,38716.55378486056,3872.7633989855813,0.10002861877908045,32020.000000000004,53150.0,1004,100.0,High
Papua,telur_ayam,36888.73007968128,1964.0541724937202,0.05324266160020356,32930.0,42560.0,1004,100.0,High
Riau,telur_ayam,26486.44422310757,1706.288291948988,0.06442119136778544,21000.0,30000.0,1004,100.0,High
Sulawesi Barat,telur_ayam,27009.038844621515,2664.762087690642,0.09866186290525084,19230.0,33480.0,1004,100.0,High
Sulawesi Selatan,telur_ayam,26003.735059760955,2052.454585137935,0.07892922229906778,20070.0,30550.0,1004,100.0,High
Sulawesi Tengah,telur_ayam,28691.63346613546,1616.3494737816482,0.0563352196621853,24510.0,33510.0,1004,100.0,High
Sulawesi Tenggara,telur_ayam,29121.79282868526,2356.71139120804,0.08092604068272388,23530.0,40000.0,1004,100.0,High
Sulawesi Utara,telur_ayam,30043.386454183266,2093.035163253305,0.06966708518179944,25610.0,40000.0,1004,100.0,High
Sumatera Barat,telur_ayam,27303.301792828686,1972.5868073637946,0.07224718908838718,21100.0,30870.0,1004,100.0,High
Sumatera Selatan,telur_ayam,26823.47609561753,2088.789403887766,0.0778716895767673,19900.0,30460.0,1004,100.0,High
Sumatera Utara,telur_ayam,26865.90139442231,1119.5468519792796,0.04167166534050152,23460.0,29320.0,1004,100.0,High
Aceh,gula,15805.358565737051,1619.9431200973436,0.10249328500582491,13370.0,19200.0,1004,100.0,High
Bali,gula,14956.329681274901,1613.1899815662223,0.10786001752728891,12670.0,18030.0,1004,100.0,High
Banten,gula,15097.186254980079,1610.5773458292888,0.10668063032593314,12900.0,18660.0,1004,100.0,High
Bengkulu,gula,15347.365537848606,1528.2411289742408,0.09957677265230953,13090.0,18660.0,1004,100.0,High
DI Yogyakarta,gula,14819.511952191235,1636.9152930498162,0.11045676121660535,12590.0,18760.0,1004,100.0,High
DKI Jakarta,gula,15541.52390438247,1531.9646408481306,0.09857235688555227,13790.0,20000.0,1004,100.0,High
Gorontalo,gula,16128.640438247012,1787.1300127585976,0.1108047525519043,13440.0,20830.0,1004,100.0,High
Jambi,gula,15180.298804780876,1505.8844829441339,0.0991999236846294,12950.0,18030.0,1004,100.0,High
Jawa Barat,gula,15330.981075697211,1453.7590244975067,0.09482491807403094,13110.0,18180.0,1004,100.0,High
Jawa Tengah,gula,14759.671314741036,1588.4212959617782,0.10761901549767999,12670.0,17790.0,1004,100.0,High
Jawa Timur,gula,14468.137450199203,1602.9337740912317,0.11079061002901669,12180.0,17730.0,1004,100.0,High
Kalimantan Barat,gula,15717.719123505976,1549.7422408641246,0.09859841804568657,13240.0,18720.0,1004,100.0,High
Kalimantan Selatan,gula,15284.302788844621,1609.5346610273652,0.10530638415525881,12810.0,18910.0,1004,100.0,High
Kalimantan Tengah,gula,15776.533864541832,1576.2336087180338,0.0999100069921353,13340.0,18800.0,1004,100.0,High
Kalimantan Timur,gula,16103.655378486055,1515.3970188279545,0.09410267316403667,13110.0,19520.0,1004,100.0,High
Kalimantan Utara,gula,16233.650398406375,1094.9637069658486,0.06745024563750239,13500.0,18390.0,1004,100.0,High
Kepulauan Bangka Belitung,gula,15364.37250996016,1491.965341077362,0.09710551733304927,13060.0,18240.0,1004,100.0,High
Kepulauan Riau,gula,14869.61155378486,1430.0542768947178,0.09617294115061914,11760.0,17490.0,1004,100.0,High
Lampung,gula,15153.575697211156,1562.9740973545527,0.10314226348849138,13130.0,18260.0,1004,100.0,High
Maluku Utara,gula,16902.440239043826,1650.1440528719468,0.09762756321186057,14170.0,20000.0,1004,100.0,High
Maluku,gula,16953.47609561753,1622.9512752797748,0.09572970558523436,14920.0,20740.0,1004,100.0,High
Nusa Tenggara Barat,gula,15758.072709163347,1567.2633590145851,0.09945780730553545,13460.0,19410.0,1004,100.0,High
Nusa Tenggara Timur,gula,16214.61155378486,1465.4530219011485,0.09037854635247666,14280.0,19310.0,1004,100.0,High
Papua Barat,gula,17224.566733067728,1825.08209284074,0.10595808423656584,14300.0,21450.0,1004,100.0,High
Papua,gula,17520.906374501992,1832.4009530079104,0.10458368498986936,14630.0,21410.0,1004,100.0,High
Riau,gula,15295.776892430278,1491.3442410702817,0.09750039187668412,12950.0,19000.0,1004,100.0,High
Sulawesi Barat,gula,16019.352589641434,1511.2965459024017,0.09434192408497512,13550.0,19550.0,1004,100.0,High
Sulawesi Selatan,gula,15418.276892430278,1491.683497661342,0.096747743477982,13120.0,18330.0,1004,100.0,High
Sulawesi Tengah,gula,16276.60358565737,1617.185838637121,0.09935646771308936,14000.0,19480.0,1004,100.0,High
Sulawesi Tenggara,gula,16112.136454183266,1732.468440910938,0.10752568077097742,13680.0,20000.0,1004,100.0,High
Sulawesi Utara,gula,16171.962151394422,1647.6098385302553,0.10188063904095834,13520.0,20130.0,1004,100.0,High
Sumatera Barat,gula,15665.313745019921,1484.6480935723578,0.09477295620997916,13340.0,18590.0,1004,100.0,High
Sumatera Selatan,gula,15025.249003984063,1620.9586712344963,0.1078823166793899,12970.0,18160.0,1004,100.0,High
Sumatera Utara,gula,15529.96015936255,1488.5185826448142,0.09584819068241013,13710.0,18520.0,1004,100.0,High
Aceh,Bawang_Putih_Bonggol,32929.56673306773,6257.676980882341,0.19003216870747372,23240.0,42400.0,1004,100.0,High
Bali,Bawang_Putih_Bonggol,28744.6812749004,6766.486367671399,0.23539959629261345,18580.0,45340.0,1004,100.0,High
Banten,Bawang_Putih_Bonggol,31993.94920318725,5961.935374204485,0.18634571607091738,20650.0,45000.0,1004,100.0,High
Bengkulu,Bawang_Putih_Bonggol,32526.977091633467,6351.140722408789,0.1952576381296256,22910.0,47500.0,1004,100.0,High
DI Yogyakarta,Bawang_Putih_Bonggol,29417.290836653385,6174.101427844164,0.2098800145168824,18480.0,39570.0,1004,100.0,High
DKI Jakarta,Bawang_Putih_Bonggol,36367.76394422311,4895.50211746542,0.134611028738902,28330.0,49400.0,1004,100.0,High
Gorontalo,Bawang_Putih_Bonggol,38662.559760956174,6364.545549613654,0.16461780050168748,29670.0,56380.0,1004,100.0,High
Jambi,Bawang_Putih_Bonggol,30691.464143426296,6077.513215963676,0.19801965743838254,20930.0,40190.0,1004,100.0,High
Jawa Barat,Bawang_Putih_Bonggol,32626.339641434264,5589.559115945012,0.1713204477540127,23860.0,42510.0,1004,100.0,High
Jawa Tengah,Bawang_Putih_Bonggol,29873.90438247012,5954.118723545069,0.1993083544526212,20210.0,39770.0,1004,100.0,High
Jawa Timur,Bawang_Putih_Bonggol,28664.158366533866,6238.6754800779145,0.2176472583043543,18710.0,38030.0,1004,100.0,High
Kalimantan Barat,Bawang_Putih_Bonggol,32928.535856573704,6318.865376241664,0.19189633586396446,22940.0,43860.0,1004,100.0,High
Kalimantan Selatan,Bawang_Putih_Bonggol,31871.63844621514,6101.239998188502,0.19143163940205415,22740.0,44160.0,1004,100.0,High
Kalimantan Tengah,Bawang_Putih_Bonggol,35115.77689243028,5047.801990887353,0.14374741035490177,26860.0,45060.0,1004,100.0,High
Kalimantan Timur,Bawang_Putih_Bonggol,35723.859561752986,6179.901058448046,0.1729908563705258,24830.0,50000.0,1004,100.0,High
Kalimantan Utara,Bawang_Putih_Bonggol,37755.24900398406,4699.906474675051,0.12448352477238597,29490.0,48100.0,1004,100.0,High
Kepulauan Bangka Belitung,Bawang_Putih_Bonggol,33489.05378486056,5944.04162580826,0.1774920743952279,24130.0,45560.0,1004,100.0,High
Kepulauan Riau,Bawang_Putih_Bonggol,31171.025896414343,3861.850707806902,0.12389231976645136,22800.0,39200.0,1004,100.0,High
Lampung,Bawang_Putih_Bonggol,30384.198207171314,6379.22043810483,0.2099519096936117,20210.0,43840.0,1004,100.0,High
Maluku Utara,Bawang_Putih_Bonggol,48525.288844621515,6739.238870802578,0.13888096354009746,38530.0,66050.0,1004,100.0,High
Maluku,Bawang_Putih_Bonggol,41653.43625498008,5319.723783371414,0.1277139237878697,31060.0,54360.0,1004,100.0,High
Nusa Tenggara Barat,Bawang_Putih_Bonggol,32341.703187250994,6402.02525142441,0.1979495394648254,21880.0,50000.0,1004,100.0,High
Nusa Tenggara Timur,Bawang_Putih_Bonggol,37311.613545816734,4782.458152707069,0.12817612797244635,28850.0,50000.0,1004,100.0,High
Papua Barat,Bawang_Putih_Bonggol,48533.78486055777,5168.965485383858,0.10650241888685981,36210.0,62570.0,1004,100.0,High
Papua,Bawang_Putih_Bonggol,45816.71314741036,7423.921933550921,0.16203523613021406,33360.0,58230.0,1004,100.0,High
Riau,Bawang_Putih_Bonggol,32193.769920318726,6101.8975078464555,0.1895365942835826,22030.0,42840.0,1004,100.0,High
Sulawesi Barat,Bawang_Putih_Bonggol,34095.11952191235,6096.654532181928,0.17881311512234802,24800.0,45010.0,1004,100.0,High
Sulawesi Selatan,Bawang_Putih_Bonggol,33333.157370517925,6184.181783584944,0.1855264328801522,24830.0,43080.0,1004,100.0,High
Sulawesi Tengah,Bawang_Putih_Bonggol,38803.49601593625,6212.091363297222,0.16009102274563022,29800.0,51680.0,1004,100.0,High
Sulawesi Tenggara,Bawang_Putih_Bonggol,39022.07171314741,5788.5036267327305,0.14833921861669006,29890.0,60000.0,1004,100.0,High
Sulawesi Utara,Bawang_Putih_Bonggol,39753.61553784861,6896.915140033445,0.17349151886492017,29150.0,59330.0,1004,100.0,High
Sumatera Barat,Bawang_Putih_Bonggol,31646.71314741036,6407.285562432098,0.2024629076829233,21050.0,42390.0,1004,100.0,High
Sumatera Selatan,Bawang_Putih_Bonggol,31682.470119521913,6301.77405535413,0.19890412684303743,21500.0,46410.0,1004,100.0,High
Sumatera Utara,Bawang_Putih_Bonggol,32513.585657370517,5673.745205271129,0.17450382941645642,23480.0,43810.0,1004,100.0,High
Aceh,Cabai_Merah_Keriting,44220.8,17212.72119864874,0.3892449073433483,17970.0,98980.0,1000,99.60159362549801,High
Bali,Cabai_Merah_Keriting,40486.821821821824,11882.574054307539,0.293492388871655,17910.0,80130.0,999,99.5019920318725,High
Banten,Cabai_Merah_Keriting,48497.7,16958.853447969497,0.3496836643380923,24100.0,111340.0,1000,99.60159362549801,High
Bengkulu,Cabai_Merah_Keriting,44899.75,17822.104075307165,0.3969310313600224,19390.0,94080.0,1000,99.60159362549801,High
DI Yogyakarta,Cabai_Merah_Keriting,39544.22,14696.061280151713,0.3716361400010346,16379.999999999998,85910.0,1000,99.60159362549801,High
DKI Jakarta,Cabai_Merah_Keriting,55057.035,16972.822124380626,0.3082770825632115,30770.0,104600.0,1000,99.60159362549801,High
Gorontalo,Cabai_Merah_Keriting,40249.17917917918,11478.510081812627,0.2851861905236179,19670.0,84660.0,999,99.5019920318725,High
Jambi,Cabai_Merah_Keriting,41871.61,16527.204091594223,0.3947114546489668,17830.0,94260.0,1000,99.60159362549801,High
Jawa Barat,Cabai_Merah_Keriting,47594.065,14637.16355827468,0.3075417819065188,27760.0,90350.0,1000,99.60159362549801,High
Jawa Tengah,Cabai_Merah_Keriting,40147.88,14718.847549746208,0.36661581009373867,19730.0,81880.0,1000,99.60159362549801,High
Jawa Timur,Cabai_Merah_Keriting,40009.755,14488.615186706855,0.36212706592946786,19460.0,86150.0,1000,99.60159362549801,High
Kalimantan Barat,Cabai_Merah_Keriting,57189.27,6851.006008614153,0.11979530440962358,40410.0,80000.0,1000,99.60159362549801,High
Kalimantan Selatan,Cabai_Merah_Keriting,50307.835,13119.720026019324,0.2607888021024821,22980.0,90000.0,1000,99.60159362549801,High
Kalimantan Tengah,Cabai_Merah_Keriting,65056.98,10676.148467158613,0.16410458135558417,45720.0,100000.0,1000,99.60159362549801,High
Kalimantan Timur,Cabai_Merah_Keriting,51723.95,10036.006484189878,0.194030163670599,27240.0,85000.0,1000,99.60159362549801,High
Kalimantan Utara,Cabai_Merah_Keriting,69141.92,10587.250341541021,0.15312346462957668,47890.0,106690.0,1000,99.60159362549801,High
Kepulauan Bangka Belitung,Cabai_Merah_Keriting,56826.495,18286.354422496563,0.32179275569426835,29880.0,127910.0,1000,99.60159362549801,High
Kepulauan Riau,Cabai_Merah_Keriting,65900.175,14283.515902098068,0.21674473401774833,38330.0,111550.0,1000,99.60159362549801,High
Lampung,Cabai_Merah_Keriting,44834.08,17971.558710866968,0.40084593485283887,21810.0,97770.0,1000,99.60159362549801,High
Maluku Utara,Cabai_Merah_Keriting,56597.47,11117.655481111648,0.1964337890211638,36590.0,99250.0,1000,99.60159362549801,High
Maluku,Cabai_Merah_Keriting,58863.03,9113.972776759843,0.15483356491773942,34710.0,85810.0,1000,99.60159362549801,High
Nusa Tenggara Barat,Cabai_Merah_Keriting,41502.66,13121.750013880914,0.3161664821936934,21420.0,76130.0,1000,99.60159362549801,High
Nusa Tenggara Timur,Cabai_Merah_Keriting,55319.09,7312.209576103985,0.1321823908546577,36990.0,82110.0,1000,99.60159362549801,High
Papua Barat,Cabai_Merah_Keriting,63690.005,8904.846203140145,0.13981544204840532,42430.0,100160.0,1000,99.60159362549801,High
Papua,Cabai_Merah_Keriting,66970.01,11081.13404378214,0.16546412407258324,42820.0,120000.0,1000,99.60159362549801,High
Riau,Cabai_Merah_Keriting,52921.285,17082.755163249825,0.32279554744843825,26780.0,110710.0,1000,99.60159362549801,High
Sulawesi Barat,Cabai_Merah_Keriting,37864.04,10576.252989505967,0.27932183120200504,20950.0,77010.0,1000,99.60159362549801,High
Sulawesi Selatan,Cabai_Merah_Keriting,34116.12,8981.10418237477,0.2632510432714731,17530.0,60460.0,1000,99.60159362549801,High
Sulawesi Tengah,Cabai_Merah_Keriting,41093.32,9694.706038966091,0.23591926957875614,19190.0,82800.0,1000,99.60159362549801,High
Sulawesi Tenggara,Cabai_Merah_Keriting,49037.07,9442.873872258038,0.19256602958247787,28150.0,90000.0,1000,99.60159362549801,High
Sulawesi Utara,Cabai_Merah_Keriting,40204.48,12221.865775513776,0.3039926340426185,19610.0,97000.0,1000,99.60159362549801,High
Sumatera Barat,Cabai_Merah_Keriting,48008.25825825826,17589.54124667411,0.3663857403876634,23000.0,109190.0,999,99.5019920318725,High
Sumatera Selatan,Cabai_Merah_Keriting,48668.34,17092.15431861666,0.35119657499344875,25090.0,105220.0,1000,99.60159362549801,High
Sumatera Utara,Cabai_Merah_Keriting,41755.68068068068,15720.160618834749,0.3764795678713023,17740.0,91660.0,999,99.5019920318725,High
Aceh,Daging_Ayam_Ras,30343.177290836655,1556.6169637501275,0.05130039444551546,27460.0,35680.0,1004,100.0,High
Bali,Daging_Ayam_Ras,38894.1484063745,1812.5022207663362,0.04660089743652232,34590.0,43660.0,1004,100.0,High
Banten,Daging_Ayam_Ras,36941.95219123506,1675.0549798480379,0.04534289284921617,33730.0,43000.0,1004,100.0,High
Bengkulu,Daging_Ayam_Ras,35243.167330677294,3861.8234273261187,0.10957651425286648,27720.0,47750.0,1004,100.0,High
DI Yogyakarta,Daging_Ayam_Ras,34455.53784860558,2534.0186477075977,0.07354459706424667,29380.0,44760.0,1004,100.0,High
DKI Jakarta,Daging_Ayam_Ras,37941.50398406375,1870.1247134717917,0.04928968325181006,33120.0,43690.0,1004,100.0,High
Gorontalo,Daging_Ayam_Ras,31763.47111553785,3164.4266041563837,0.0996247101787446,23000.0,39370.0,1004,100.0,High
Jambi,Daging_Ayam_Ras,33336.045816733065,3373.3993087652557,0.10119374467238025,27820.0,45090.0,1004,100.0,High
Jawa Barat,Daging_Ayam_Ras,36283.22709163347,2183.511596283687,0.06017964142961203,32440.0,44370.0,1004,100.0,High
Jawa Tengah,Daging_Ayam_Ras,35255.04980079681,2098.3344689183923,0.05951869252134674,31530.0,44700.0,1004,100.0,High
Jawa Timur,Daging_Ayam_Ras,34221.75298804781,2463.1794716783534,0.07197701042780118,29420.0,41330.0,1004,100.0,High
Kalimantan Barat,Daging_Ayam_Ras,42993.964143426296,2442.211855232206,0.05680359799075694,36310.0,50000.0,1004,100.0,High
Kalimantan Selatan,Daging_Ayam_Ras,34064.721115537846,2612.175921101791,0.07668273320782616,25460.0,47000.0,1004,100.0,High
Kalimantan Tengah,Daging_Ayam_Ras,42826.71314741036,2921.8430360800867,0.06822477891364316,36810.0,55000.0,1004,100.0,High
Kalimantan Timur,Daging_Ayam_Ras,41877.116533864544,2374.6264607419794,0.05670463148583076,35580.0,48270.0,1004,100.0,High
Kalimantan Utara,Daging_Ayam_Ras,47348.64541832669,2250.8244117479653,0.047537250366126944,41870.0,55000.0,1004,100.0,High
Kepulauan Bangka Belitung,Daging_Ayam_Ras,36847.87848605578,2600.117160717697,0.07056355121507608,31260.0,46500.0,1004,100.0,High
Kepulauan Riau,Daging_Ayam_Ras,40676.71314741036,1103.1585717129428,0.027120150237192265,36920.0,43700.0,1004,100.0,High
Lampung,Daging_Ayam_Ras,33818.839641434264,1625.271015253615,0.04805815434490427,30050.0,42430.0,1004,100.0,High
Maluku Utara,Daging_Ayam_Ras,46302.90836653386,1165.1229665891983,0.025163062271727814,41430.0,50000.0,1004,100.0,High
Maluku,Daging_Ayam_Ras,47713.46613545817,1612.2385248120597,0.033790010565045235,41840.0,52890.0,1004,100.0,High
Nusa Tenggara Barat,Daging_Ayam_Ras,42354.40239043825,1763.6891917119638,0.04164122481185396,36690.0,48700.0,1004,100.0,High
Nusa Tenggara Timur,Daging_Ayam_Ras,43214.26294820717,1398.1902642729917,0.03235483307788311,38410.0,50420.0,1004,100.0,High
Papua Barat,Daging_Ayam_Ras,48281.045816733065,2468.7373772336737,0.05113264088364192,38000.0,59160.0,1004,100.0,High
Papua,Daging_Ayam_Ras,42257.201195219124,1689.4781132186524,0.039980833217364044,37000.0,49040.0,1004,100.0,High
Riau,Daging_Ayam_Ras,31476.63844621514,3185.85274000521,0.10121324567262639,25680.0,42510.0,1004,100.0,High
Sulawesi Barat,Daging_Ayam_Ras,30900.179282868525,1686.3996622127847,0.054575724198071156,27780.0,38850.0,1004,100.0,High
Sulawesi Selatan,Daging_Ayam_Ras,27690.408366533866,1961.0505865306873,0.07082057297864838,23650.0,34830.0,1004,100.0,High
Sulawesi Tengah,Daging_Ayam_Ras,34924.4422310757,2241.273825241602,0.06417493543382408,28500.0,44300.0,1004,100.0,High
Sulawesi Tenggara,Daging_Ayam_Ras,34391.65836653386,1352.7456149867871,0.03933353839962334,29550.0,40210.0,1004,100.0,High
Sulawesi Utara,Daging_Ayam_Ras,35977.19123505976,2183.9575334148763,0.06070394765243959,30940.0,41790.0,1004,100.0,High
Sumatera Barat,Daging_Ayam_Ras,31373.570717131475,2844.5728324264173,0.09066780629063506,26680.0,41020.0,1004,100.0,High
Sumatera Selatan,Daging_Ayam_Ras,32456.115537848607,2770.1634340569717,0.08535104673344392,27250.0,42610.0,1004,100.0,High
Sumatera Utara,Daging_Ayam_Ras,32887.86852589642,2479.062876043739,0.0753792503789562,28150.0,38770.0,1004,100.0,High
Aceh,Daging_Sapi_Murni,153049.63147410357,2060.4262867217653,0.01346247140144467,147970.0,158510.0,1004,100.0,High
Bali,Daging_Sapi_Murni,114855.45816733068,2088.0413289302733,0.01817973096139886,108970.0,120560.0,1004,100.0,High
Banten,Daging_Sapi_Murni,136294.8157370518,3751.239254917243,0.027522978292544603,123550.0,148630.0,1004,100.0,High
Bengkulu,Daging_Sapi_Murni,133591.8874501992,3627.928014970516,0.027156798846209477,122500.0,146520.0,1004,100.0,High
DI Yogyakarta,Daging_Sapi_Murni,135701.42550911038,1082.0343514957885,0.007973640272652446,132940.0,139900.0,933,92.92828685258964,High
DKI Jakarta,Daging_Sapi_Murni,138685.49800796813,4649.634926405289,0.03352646811087736,123940.0,153820.0,1004,100.0,High
Gorontalo,Daging_Sapi_Murni,134008.36155378487,3290.6799127096524,0.024555780509180565,123980.0,141840.0,1004,100.0,High
Jambi,Daging_Sapi_Murni,137494.3775510204,2418.60933299863,0.017590605347488845,130250.0,144760.0,980,97.60956175298804,High
Jawa Barat,Daging_Sapi_Murni,133736.4089521872,2283.314082658064,0.017073242062858016,127240.0,139930.0,983,97.90836653386454,High
Jawa Tengah,Daging_Sapi_Murni,129960.38338658147,1750.003288340385,0.013465667326748396,124640.0,135060.0,939,93.52589641434263,High
Jawa Timur,Daging_Sapi_Murni,116116.59860557769,2101.2111893910665,0.01809570048230929,110250.0,125120.0,1004,100.0,High
Kalimantan Barat,Daging_Sapi_Murni,153793.75,4679.422593608665,0.0304266109228019,141400.0,166160.0,1004,100.0,High
Kalimantan Selatan,Daging_Sapi_Murni,148685.4780876494,7817.410059346099,0.0525768229681299,128480.0,180000.0,1004,100.0,High
Kalimantan Tengah,Daging_Sapi_Murni,155466.37837837837,2979.622916972188,0.019165706103478522,146080.0,164920.0,925,92.13147410358566,High
Kalimantan Timur,Daging_Sapi_Murni,154001.04581673307,6302.512350585211,0.04092512695066651,135570.0,173720.0,1004,100.0,High
Kalimantan Utara,Daging_Sapi_Murni,159027.40537848606,7463.108232647953,0.04692969878295955,139590.0,169950.0,1004,100.0,High
Kepulauan Bangka Belitung,Daging_Sapi_Murni,145648.34163346613,5393.3780451486755,0.03703013700438468,128980.0,164640.0,1004,100.0,High
Kepulauan Riau,Daging_Sapi_Murni,151869.18824701195,5240.217548093301,0.034504810413355215,135000.0,170000.0,1004,100.0,High
Lampung,Daging_Sapi_Murni,134290.1045816733,2167.6775322047906,0.016141751761660446,128260.0,140000.0,1004,100.0,High
Maluku Utara,Daging_Sapi_Murni,129588.81474103585,3796.2682676325458,0.029294721733652926,119400.0,141780.0,1004,100.0,High
Maluku,Daging_Sapi_Murni,116737.30079681275,4610.779295742628,0.03949705247826422,98300.0,131770.0,1004,100.0,High
Nusa Tenggara Barat,Daging_Sapi_Murni,122281.61852589641,923.342115734517,0.007550947778295678,120000.0,125920.0,1004,100.0,High
Nusa Tenggara Timur,Daging_Sapi_Murni,113470.94123505976,1839.2260262265445,0.016208784435977414,106770.0,119870.0,1004,100.0,High
Papua Barat,Daging_Sapi_Murni,134687.78386454182,5907.1638909803305,0.04385820095548741,116300.0,151650.0,1004,100.0,High
Papua,Daging_Sapi_Murni,146649.6015936255,4621.882272862289,0.0315165007107881,134730.0,155970.0,1004,100.0,High
Riau,Daging_Sapi_Murni,146385.4638124363,2884.696330484969,0.01970616655067016,137840.0,154750.0,981,97.70916334661355,High
Sulawesi Barat,Daging_Sapi_Murni,127003.43625498009,1728.8359810588838,0.01361251342513256,122430.0,132940.0,1004,100.0,High
Sulawesi Selatan,Daging_Sapi_Murni,125552.05059203444,976.2256428549712,0.007775465540002156,122240.0,128360.0,929,92.52988047808765,High
Sulawesi Tengah,Daging_Sapi_Murni,135580.94566353186,1773.147859871796,0.013078149375592766,129610.0,142320.0,957,95.3187250996016,High
Sulawesi Tenggara,Daging_Sapi_Murni,133428.1175298805,3622.2493152277234,0.027147571158804222,122830.0,144910.0,1004,100.0,High
Sulawesi Utara,Daging_Sapi_Murni,132856.57657657657,1402.3048751877006,0.010555027920499163,128680.0,136580.0,999,99.5019920318725,High
Sumatera Barat,Daging_Sapi_Murni,142935.3664921466,2691.455275476328,0.0188298763387171,133760.0,150410.0,955,95.1195219123506,High
Sumatera Selatan,Daging_Sapi_Murni,134845.76693227093,2217.415452746963,0.01644408647889337,128970.0,140320.0,1004,100.0,High
Sumatera Utara,Daging_Sapi_Murni,134436.27490039842,1598.5247624009762,0.011890576137915875,129100.0,140080.0,1004,100.0,High
Aceh,Tepung_Terigu_Curah,10760.129482071714,651.2254898393952,0.060522086739239755,8730.0,11780.0,1004,100.0,High
Bali,Tepung_Terigu_Curah,11127.584661354582,755.8132689045403,0.0679224909902895,9000.0,12330.0,1004,100.0,High
Banten,Tepung_Terigu_Curah,10156.703187250996,341.27535708638106,0.03360099737036328,9150.0,11240.0,1004,100.0,High
Bengkulu,Tepung_Terigu_Curah,10745.836653386454,802.3747290881179,0.07466842787297132,8189.999999999999,12000.0,1004,100.0,High
DI Yogyakarta,Tepung_Terigu_Curah,9786.543824701195,699.6144042964269,0.07148738276025526,8150.0,11140.0,1004,100.0,High
DKI Jakarta,Tepung_Terigu_Curah,10198.545816733067,411.41722773875654,0.04034077358987118,8360.0,11610.0,1004,100.0,High
Gorontalo,Tepung_Terigu_Curah,10588.834661354582,978.4404679416489,0.09240303576677827,7500.0,12540.0,1004,100.0,High
Jambi,Tepung_Terigu_Curah,10230.637450199203,796.2828785082113,0.0778331636111987,7940.0,11170.0,1004,100.0,High
Jawa Barat,Tepung_Terigu_Curah,10014.825697211156,671.5945089145066,0.06706002972188788,7960.0,11040.0,1004,100.0,High
Jawa Tengah,Tepung_Terigu_Curah,9856.613545816734,682.7678409003955,0.06927002237905233,7910.0,12000.0,1004,100.0,High
Jawa Timur,Tepung_Terigu_Curah,9855.493027888446,679.2154329987206,0.06891744848042813,7930.0,11050.0,1004,100.0,High
Kalimantan Barat,Tepung_Terigu_Curah,11356.28984063745,722.7835296209271,0.0636460974282738,9490.0,12230.0,1004,100.0,High
Kalimantan Selatan,Tepung_Terigu_Curah,9974.825697211156,679.147359103013,0.06808613801571435,7480.0,11150.0,1004,100.0,High
Kalimantan Tengah,Tepung_Terigu_Curah,10701.60358565737,818.0484755209741,0.07644167240668012,8310.0,11820.0,1004,100.0,High
Kalimantan Timur,Tepung_Terigu_Curah,10766.802788844621,680.5005730300712,0.06320358850959276,7940.0,14000.0,1004,100.0,High
Kalimantan Utara,Tepung_Terigu_Curah,11517.689243027888,1075.0628119735163,0.09334014742794822,8320.0,12970.0,1004,100.0,High
Kepulauan Bangka Belitung,Tepung_Terigu_Curah,10996.339641434262,551.7358202087736,0.05017449789653916,9810.0,12100.0,1004,100.0,High
Kepulauan Riau,Tepung_Terigu_Curah,11006.175298804781,540.1295758132767,0.049075138379081805,9270.0,12200.0,1004,100.0,High
Lampung,Tepung_Terigu_Curah,10327.126494023905,822.4524108868522,0.07964000551003113,7990.0,11500.0,1004,100.0,High
Maluku Utara,Tepung_Terigu_Curah,12212.320717131473,818.5724204061551,0.06702840838906725,10030.0,13990.0,1004,100.0,High
Maluku,Tepung_Terigu_Curah,12541.279880478087,551.5432227899424,0.0439782245549341,10800.0,13950.0,1004,100.0,High
Nusa Tenggara Barat,Tepung_Terigu_Curah,10133.341633466136,902.9285443341676,0.08910471757432681,7700.0,12140.0,1004,100.0,High
Nusa Tenggara Timur,Tepung_Terigu_Curah,10979.233067729083,645.6955704698665,0.058810626068931844,8660.0,12030.0,1004,100.0,High
Papua Barat,Tepung_Terigu_Curah,12914.148406374503,1184.8421715289644,0.09174760380979663,9920.0,16430.0,1004,100.0,High
Papua,Tepung_Terigu_Curah,12645.647410358566,1214.5134436286492,0.09604201384215344,10240.0,15400.0,1004,100.0,High
Riau,Tepung_Terigu_Curah,11144.53187250996,633.483915745626,0.05684257741756122,9000.0,12190.0,1004,100.0,High
Sulawesi Barat,Tepung_Terigu_Curah,9715.527888446215,535.3695532466255,0.055104525394167346,8240.0,11270.0,1004,100.0,High
Sulawesi Selatan,Tepung_Terigu_Curah,9502.758964143426,592.729087777618,0.062374420945974854,7890.0,10630.0,1004,100.0,High
Sulawesi Tengah,Tepung_Terigu_Curah,10867.46015936255,491.701765112395,0.04524532484149789,9210.0,12060.0,1004,100.0,High
Sulawesi Tenggara,Tepung_Terigu_Curah,10667.011952191235,795.1418077132244,0.07454213150571047,9000.0,11900.0,1004,100.0,High
Sulawesi Utara,Tepung_Terigu_Curah,11531.52390438247,574.5915561013586,0.04982789446267283,10090.0,12840.0,1004,100.0,High
Sumatera Barat,Tepung_Terigu_Curah,10408.232071713148,743.7220908703813,0.07145517949120518,8240.0,12410.0,1004,100.0,High
Sumatera Selatan,Tepung_Terigu_Curah,9800.258964143426,660.7517640315846,0.06742186777401513,7750.0,10860.0,1004,100.0,High
Sumatera Utara,Tepung_Terigu_Curah,10330.453187250996,687.8403973523065,0.06658375822284186,8540.0,11530.0,1004,100.0,High
